{"cameraMode":{"drawMode":0,"name":"Shaded","section":"Shading Mode"},"sceneLighting":true,"audioPlay":false,"sceneViewState":{"showFog":true,"showMaterialUpdate":false,"showSkybox":true,"showFlares":true,"showImageEffects":true,"showParticleSystems":true},"in2DMode":false,"pivot":{"x":63.95998001098633,"y":2.5999999046325685,"z":-1.9000000953674317},"rotation":{"x":0.002418437274172902,"y":0.9506829380989075,"z":-0.3101048767566681,"w":0.0074164606630802158},"size":4.0214009284973148,"orthographic":false}